                  epoch,         train/box_loss,         train/cls_loss,         train/dfl_loss,   metrics/precision(B),      metrics/recall(B),       metrics/mAP50(B),    metrics/mAP50-95(B),           val/box_loss,           val/cls_loss,           val/dfl_loss,                 lr/pg0,                 lr/pg1,                 lr/pg2
                      1,                 2.0431,                 6.2221,                 1.0991,                      0,                      0,                      0,                      0,                   4.04,                    inf,                   3.99,                 0.0775,                 0.0025,                 0.0025
                      2,                  1.831,                  3.952,                 1.0324,                      0,                      0,                      0,                      0,                    nan,                    nan,                    nan,               0.054075,              0.0050745,              0.0050745
                      3,                 1.7888,                 3.2808,                 1.0176,                0.00645,                0.00064,                0.00328,                0.00262,                 1.8933,                    inf,                  1.844,               0.030623,              0.0076231,              0.0076231
                      4,                 1.7888,                 3.1486,                 1.0149,                0.03829,                0.14416,                0.03372,                0.01973,                 2.1221,                    inf,                 1.3325,              0.0098502,              0.0098502,              0.0098502
                      5,                 1.7625,                 2.7915,                 1.0264,                0.25791,                0.11413,                0.06082,                0.03309,                 2.0321,                    inf,                 1.2428,              0.0098502,              0.0098502,              0.0098502
                      6,                 1.6959,                  2.649,                0.99559,                0.13163,                0.18096,                0.07005,                0.03961,                 1.7245,                 14.764,                 1.0566,              0.0098002,              0.0098002,              0.0098002
                      7,                 1.6343,                  2.502,                0.98679,                0.37093,                0.08171,                0.06708,                0.03676,                  1.714,                 19.492,                 1.0532,              0.0097503,              0.0097503,              0.0097503
                      8,                 1.6425,                 2.4565,                0.97923,                0.46298,                0.13728,                0.10532,                0.06053,                 1.7368,                 6.8565,                 1.0034,              0.0097003,              0.0097003,              0.0097003
                      9,                 1.5812,                 2.3617,                0.96519,                0.40181,                 0.2007,                0.13694,                0.08295,                 1.5611,                 4.5056,                0.98292,              0.0096504,              0.0096504,              0.0096504
                     10,                 1.5609,                 2.2153,                0.95023,                0.38863,                 0.1951,                 0.1626,                0.10025,                 1.5532,                 2.6825,                0.97106,              0.0096004,              0.0096004,              0.0096004
                     11,                 1.5818,                 2.2587,                0.96567,                0.31811,                0.24819,                0.16582,                0.09824,                 1.5187,                 3.0766,                0.96937,              0.0095505,              0.0095505,              0.0095505
                     12,                 1.5536,                 2.1642,                0.95486,                0.37034,                0.25451,                0.19283,                0.11924,                 1.4884,                 2.4094,                0.95776,              0.0095005,              0.0095005,              0.0095005
                     13,                 1.5279,                 2.1134,                0.96154,                0.44632,                0.24169,                0.22231,                0.13557,                 1.4592,                 2.4154,                0.95228,              0.0094506,              0.0094506,              0.0094506
                     14,                  1.517,                 2.0742,                0.94446,                0.43854,                0.21737,                0.19566,                0.12394,                 1.4806,                 2.6345,                0.95605,              0.0094006,              0.0094006,              0.0094006
                     15,                 1.4961,                 2.0281,                0.93861,                0.37258,                 0.2171,                0.18618,                0.11485,                 1.4854,                 2.4853,                0.95975,              0.0093507,              0.0093507,              0.0093507
                     16,                 1.4668,                  1.969,                0.93831,                0.34888,                0.24522,                0.20161,                 0.1284,                 1.4294,                 16.526,                0.95448,              0.0093007,              0.0093007,              0.0093007
                     17,                 1.5076,                 1.9604,                0.93912,                0.33446,                0.26589,                 0.2192,                0.13901,                 1.4494,                 2.6639,                0.94817,              0.0092508,              0.0092508,              0.0092508
                     18,                 1.4603,                 1.8774,                0.93936,                0.40463,                0.28541,                0.26908,                0.17085,                  1.408,                 2.3837,                0.93846,              0.0092008,              0.0092008,              0.0092008
                     19,                 1.4559,                 1.8782,                0.93438,                0.42293,                0.27708,                0.25759,                0.15819,                 1.3977,                 2.2956,                0.93135,              0.0091509,              0.0091509,              0.0091509
                     20,                  1.452,                 1.8512,                0.92011,                0.40453,                0.27662,                0.27249,                0.17044,                 1.4011,                 2.1668,                0.93421,              0.0091009,              0.0091009,              0.0091009
                     21,                 1.4391,                 1.7949,                0.94092,                0.39909,                0.28466,                0.27375,                0.17375,                 1.3962,                 2.0544,                0.93303,               0.009051,               0.009051,               0.009051
                     22,                 1.4179,                  1.782,                0.92251,                0.44303,                 0.2631,                0.24305,                0.15106,                 1.4441,                 2.1424,                0.94202,               0.009001,               0.009001,               0.009001
                     23,                 1.4465,                  1.837,                0.93352,                0.41387,                0.22688,                0.23027,                  0.138,                 1.5082,                 2.1947,                0.95643,              0.0089511,              0.0089511,              0.0089511
                     24,                 1.4739,                 1.7903,                0.92109,                0.36517,                0.30844,                0.30006,                0.18964,                 1.3515,                 1.9924,                 0.9218,              0.0089011,              0.0089011,              0.0089011
                     25,                 1.4296,                 1.7717,                0.91848,                0.44641,                0.28003,                0.28481,                0.18143,                 1.4154,                 2.1076,                0.93831,              0.0088512,              0.0088512,              0.0088512
                     26,                 1.4254,                 1.7311,                0.91773,                0.49051,                0.29741,                 0.2954,                0.18445,                 1.3141,                 1.9262,                0.91633,              0.0088012,              0.0088012,              0.0088012
                     27,                 1.4138,                 1.7227,                0.92567,                0.38721,                0.31746,                0.28148,                0.18375,                 1.3657,                 2.0057,                0.93339,              0.0087513,              0.0087513,              0.0087513
                     28,                 1.4137,                 1.7491,                0.91995,                0.42696,                 0.2795,                 0.3086,                0.20302,                 1.3199,                 2.0544,                0.92618,              0.0087013,              0.0087013,              0.0087013
                     29,                 1.3907,                 1.6973,                0.91864,                0.39432,                0.31477,                0.32882,                0.20858,                 1.3156,                 1.8165,                 0.9148,              0.0086514,              0.0086514,              0.0086514
                     30,                 1.4066,                 1.6699,                0.91872,                0.41447,                0.34294,                0.32276,                0.20813,                 1.3296,                 1.8562,                0.91905,              0.0086014,              0.0086014,              0.0086014
                     31,                 1.3785,                 1.6352,                0.92213,                 0.3896,                 0.3536,                0.31427,                0.20581,                 1.3871,                 1.9829,                0.93392,              0.0085515,              0.0085515,              0.0085515
                     32,                 1.4072,                 1.6763,                0.91267,                0.42951,                0.33037,                0.33574,                0.21883,                 1.3145,                 1.7844,                 0.9131,              0.0085015,              0.0085015,              0.0085015
                     33,                 1.3925,                 1.6253,                0.91889,                0.45499,                0.35176,                0.37479,                 0.2468,                 1.2871,                 1.7762,                0.91098,              0.0084516,              0.0084516,              0.0084516
                     34,                 1.3888,                 1.6273,                0.91309,                0.42402,                0.37219,                0.37505,                0.24535,                 1.2929,                 1.7663,                0.91409,              0.0084016,              0.0084016,              0.0084016
                     35,                 1.3892,                 1.5692,                0.91613,                0.44985,                0.34644,                0.34452,                0.22555,                 1.3156,                 1.9734,                0.91332,              0.0083517,              0.0083517,              0.0083517
                     36,                 1.3826,                 1.5718,                0.91552,                0.45236,                0.36029,                0.36999,                 0.2387,                 1.2989,                 1.9669,                0.91719,              0.0083017,              0.0083017,              0.0083017
                     37,                 1.3849,                   1.58,                0.92044,                0.01483,                  0.358,                0.01329,                0.00833,                    nan,                    nan,                    nan,              0.0082518,              0.0082518,              0.0082518
                     38,                 1.3312,                 1.5277,                0.91145,                0.43386,                0.36619,                0.34956,                0.22726,                 1.3069,                 1.8651,                0.91242,              0.0082018,              0.0082018,              0.0082018
                     39,                 1.3641,                 1.5315,                 0.9058,                0.48069,                0.33085,                0.33713,                 0.2304,                 1.2963,                 1.9969,                0.90948,              0.0081518,              0.0081518,              0.0081518
                     40,                 1.3786,                 1.5554,                0.91311,                  0.496,                0.33967,                0.35959,                0.23415,                 1.2771,                 1.8972,                0.90759,              0.0081019,              0.0081019,              0.0081019
                     41,                 1.3311,                 1.4812,                0.90351,                0.43855,                0.37874,                0.36905,                0.24119,                 1.2897,                 1.6991,                0.90816,              0.0080519,              0.0080519,              0.0080519
                     42,                 1.3694,                 1.5493,                0.90672,                0.47127,                0.27442,                0.29788,                0.20338,                 1.3334,                 2.1756,                0.92548,               0.008002,               0.008002,               0.008002
                     43,                 1.3308,                 1.5062,                0.90839,                0.45391,                0.39214,                0.39624,                0.26042,                 1.2859,                 1.6504,                 0.9113,              0.0079521,              0.0079521,              0.0079521
                     44,                  1.363,                 1.5335,                0.91326,                0.50154,                0.34214,                0.40028,                0.25715,                 1.3326,                 1.7038,                  0.911,              0.0079021,              0.0079021,              0.0079021
                     45,                  1.361,                 1.4937,                 0.9047,                0.45671,                0.37715,                0.39394,                0.24962,                 1.3331,                 1.8013,                0.91579,              0.0078522,              0.0078522,              0.0078522
                     46,                 1.3181,                 1.4339,                0.90193,                0.54869,                0.33546,                0.39439,                  0.253,                 1.3205,                 1.7147,                0.91748,              0.0078022,              0.0078022,              0.0078022
                     47,                 1.3408,                 1.4851,                0.90539,                0.50272,                0.37844,                0.41006,                0.27266,                 1.2831,                 1.7211,                0.90589,              0.0077523,              0.0077523,              0.0077523
                     48,                 1.3381,                 1.4743,                0.90606,                0.43948,                0.41631,                0.39662,                0.26676,                 1.2801,                  1.664,                0.90505,              0.0077023,              0.0077023,              0.0077023
                     49,                 1.3437,                 1.4671,                0.90191,                0.50483,                0.38479,                0.41428,                0.27187,                 1.2985,                 1.6625,                 0.9097,              0.0076524,              0.0076524,              0.0076524
                     50,                 1.3503,                 1.4288,                0.90502,                0.50613,                0.39202,                0.42668,                0.28136,                 1.2785,                 1.6233,                 0.9044,              0.0076024,              0.0076024,              0.0076024
                     51,                  1.319,                 1.4195,                 0.9073,                0.46321,                0.40689,                0.41269,                0.27587,                 1.2705,                 1.6688,                 0.8999,              0.0075525,              0.0075525,              0.0075525
                     52,                 1.3287,                 1.4414,                0.89679,                0.47393,                0.40941,                0.43382,                0.29027,                 1.2611,                 1.5887,                0.90021,              0.0075025,              0.0075025,              0.0075025
                     53,                 1.3016,                 1.4019,                0.89727,                0.44797,                0.40044,                0.41804,                0.27585,                 1.2919,                 1.6247,                0.90704,              0.0074526,              0.0074526,              0.0074526
                     54,                 1.3175,                 1.4236,                0.90463,                0.49142,                0.39094,                 0.4106,                0.26533,                 1.2869,                 1.6987,                0.91263,              0.0074026,              0.0074026,              0.0074026
                     55,                 1.3226,                 1.3914,                 0.8977,                0.48375,                0.41838,                0.43715,                0.29073,                 1.2551,                 1.6118,                 0.9001,              0.0073526,              0.0073526,              0.0073526
                     56,                 1.3209,                  1.385,                0.90421,                0.47675,                0.38387,                0.40988,                0.27103,                 1.3133,                 1.7029,                0.91291,              0.0073027,              0.0073027,              0.0073027
                     57,                 1.3312,                 1.4097,                0.90236,                0.46876,                 0.4514,                0.46202,                0.31306,                 1.2559,                  1.605,                0.90317,              0.0072528,              0.0072528,              0.0072528
                     58,                 1.3103,                 1.3712,                0.90025,                0.46341,                 0.4011,                0.43251,                0.29001,                 1.2755,                 1.6657,                0.90121,              0.0072028,              0.0072028,              0.0072028
                     59,                 1.2911,                 1.3496,                0.89722,                0.48183,                0.41758,                0.44603,                0.30581,                 1.2559,                 1.5587,                0.90149,              0.0071529,              0.0071529,              0.0071529
                     60,                 1.3222,                 1.3862,                0.89645,                0.47382,                0.41095,                 0.4238,                0.28032,                 1.2766,                 1.6156,                 0.9002,              0.0071029,              0.0071029,              0.0071029
                     61,                 1.2966,                 1.3595,                0.89499,                 0.5081,                 0.4142,                0.45017,                0.29749,                  1.237,                 1.5547,                0.90147,               0.007053,               0.007053,               0.007053
                     62,                  1.276,                 1.3216,                0.88741,                0.48987,                0.41241,                0.44621,                0.29943,                 1.2262,                 1.5505,                0.89922,               0.007003,               0.007003,               0.007003
                     63,                 1.2726,                 1.3272,                0.89605,                0.49756,                0.41861,                0.46198,                0.31061,                 1.2458,                 1.5479,                0.89382,              0.0069531,              0.0069531,              0.0069531
                     64,                  1.289,                 1.3071,                0.89143,                0.48019,                0.43075,                0.44483,                 0.2945,                 1.2446,                 1.5406,                0.89698,              0.0069031,              0.0069031,              0.0069031
                     65,                 1.2919,                 1.3206,                0.89152,                0.47094,                0.40534,                 0.4152,                0.27506,                 1.2752,                 1.6525,                0.90172,              0.0068532,              0.0068532,              0.0068532
                     66,                 1.2898,                  1.331,                 0.8974,                0.54008,                0.38378,                0.46543,                0.29672,                 1.2969,                 1.5866,                0.90883,              0.0068032,              0.0068032,              0.0068032
                     67,                 1.3009,                 1.3214,                0.89859,                0.50093,                0.42103,                0.45788,                0.29441,                 1.2743,                 1.5984,                0.90017,              0.0067533,              0.0067533,              0.0067533
                     68,                 1.2948,                 1.3097,                0.89453,                0.50499,                0.42177,                0.45372,                0.30432,                 1.2361,                 1.5124,                 0.8957,              0.0067033,              0.0067033,              0.0067033
                     69,                 1.2766,                  1.285,                0.88716,                0.47699,                0.43177,                0.44292,                0.28974,                 1.2433,                 1.5346,                0.89999,              0.0066534,              0.0066534,              0.0066534
                     70,                 1.2909,                 1.3308,                0.89653,                0.50886,                0.40092,                0.44888,                0.30194,                 1.2443,                 1.5877,                0.90101,              0.0066034,              0.0066034,              0.0066034
                     71,                 1.2906,                 1.2833,                0.88939,                0.49945,                0.41829,                0.45726,                0.29362,                 1.3034,                 1.5915,                0.90305,              0.0065535,              0.0065535,              0.0065535
                     72,                 1.2907,                 1.2755,                0.89688,                0.51934,                0.44108,                0.46657,                0.30706,                 1.2655,                 1.5245,                0.90461,              0.0065035,              0.0065035,              0.0065035
                     73,                 1.2999,                 1.2857,                0.88822,                0.52142,                0.44949,                0.48467,                 0.3199,                 1.2399,                 1.4788,                0.90026,              0.0064536,              0.0064536,              0.0064536
                     74,                 1.2961,                 1.2891,                0.89614,                0.49671,                0.45603,                 0.4917,                0.32285,                 1.2567,                 1.4639,                0.89899,              0.0064036,              0.0064036,              0.0064036
                     75,                 1.2757,                 1.2362,                0.89079,                0.49705,                0.44369,                0.48144,                0.31804,                 1.2287,                 1.5169,                0.90179,              0.0063536,              0.0063536,              0.0063536
                     76,                 1.2721,                 1.2723,                0.88844,                0.50411,                0.43267,                0.46668,                0.31876,                 1.2445,                 1.5475,                0.89529,              0.0063037,              0.0063037,              0.0063037
                     77,                  1.279,                 1.2492,                  0.892,                0.45737,                0.44435,                0.46691,                 0.3116,                 1.2528,                 1.5604,                0.90636,              0.0062538,              0.0062538,              0.0062538
                     78,                 1.2804,                 1.2548,                0.88658,                0.55716,                0.40684,                0.47147,                 0.3194,                 1.2447,                 1.4516,                0.89959,              0.0062038,              0.0062038,              0.0062038
                     79,                 1.2771,                 1.2412,                0.89098,                0.57655,                 0.4115,                0.47563,                0.31412,                 1.2599,                  1.532,                0.90618,              0.0061538,              0.0061538,              0.0061538
                     80,                 1.2494,                 1.2248,                0.88496,                0.52379,                0.45416,                0.49213,                0.33616,                 1.2059,                  1.503,                0.89147,              0.0061039,              0.0061039,              0.0061039
                     81,                 1.2898,                 1.2779,                0.89393,                0.50968,                0.42395,                0.47086,                0.31217,                 1.2583,                 1.6924,                0.90286,               0.006054,               0.006054,               0.006054
                     82,                 1.2629,                 1.2436,                 0.8893,                0.55159,                0.42531,                0.48782,                0.33009,                 1.2386,                 1.5027,                0.89376,               0.006004,               0.006004,               0.006004
                     83,                 1.2495,                 1.2408,                 0.8877,                0.50243,                0.44162,                0.48972,                0.33102,                 1.2253,                 1.4994,                0.89126,               0.005954,               0.005954,               0.005954
                     84,                 1.2588,                 1.2402,                0.88687,                0.60575,                0.40355,                0.48504,                0.32884,                  1.208,                  1.451,                0.88846,              0.0059041,              0.0059041,              0.0059041
                     85,                 1.2575,                  1.184,                0.89312,                0.52443,                0.44538,                0.48709,                0.33785,                 1.2243,                 1.4561,                0.89255,              0.0058542,              0.0058542,              0.0058542
                     86,                 1.2635,                 1.2123,                 0.8845,                0.61824,                0.39442,                0.50408,                0.34061,                 1.2308,                 1.3882,                0.89364,              0.0058042,              0.0058042,              0.0058042
                     87,                 1.2523,                 1.2033,                 0.8888,                0.58116,                0.44529,                0.49476,                0.33586,                 1.2076,                 1.4692,                0.89216,              0.0057542,              0.0057542,              0.0057542
                     88,                 1.2375,                 1.1786,                0.88578,                0.58238,                 0.4532,                 0.5004,                0.34025,                 1.2069,                   1.46,                0.88887,              0.0057043,              0.0057043,              0.0057043
                     89,                 1.2384,                 1.1852,                0.88452,                0.51738,                0.46616,                0.49499,                0.33881,                 1.2097,                 1.5191,                0.88545,              0.0056543,              0.0056543,              0.0056543
                     90,                  1.259,                 1.2295,                0.88574,                0.50884,                 0.4697,                0.50183,                0.34193,                 1.2026,                 1.4117,                0.88816,              0.0056044,              0.0056044,              0.0056044
                     91,                  1.237,                 1.1693,                0.87523,                0.53291,                0.43155,                0.47849,                0.31802,                 1.2009,                 1.5138,                0.89026,              0.0055544,              0.0055544,              0.0055544
                     92,                 1.2313,                 1.1627,                0.88711,                 0.5156,                0.43399,                0.48571,                0.32186,                 1.2236,                 1.4661,                0.89164,              0.0055045,              0.0055045,              0.0055045
                     93,                 1.2122,                 1.1566,                0.88717,                0.58054,                0.45024,                0.50804,                 0.3467,                 1.2079,                 1.4103,                0.89205,              0.0054545,              0.0054545,              0.0054545
                     94,                 1.2377,                 1.1464,                0.87906,                0.60292,                0.43823,                0.51504,                0.34345,                   1.21,                 1.3672,                0.89238,              0.0054046,              0.0054046,              0.0054046
                     95,                 1.2314,                 1.1481,                0.88584,                0.60175,                0.43812,                0.51138,                0.34246,                 1.2059,                 1.4131,                0.88916,              0.0053546,              0.0053546,              0.0053546
                     96,                 1.2159,                 1.1387,                0.87992,                0.53536,                0.46054,                0.50213,                0.34732,                 1.2007,                 1.3817,                0.89076,              0.0053047,              0.0053047,              0.0053047
                     97,                 1.2272,                 1.1431,                0.88458,                0.50081,                0.46598,                0.49534,                0.33525,                 1.2042,                 1.4503,                0.89224,              0.0052548,              0.0052548,              0.0052548
                     98,                 1.2285,                  1.143,                0.87783,                0.55234,                 0.4726,                0.52179,                0.35221,                 1.1861,                 1.3679,                0.88983,              0.0052048,              0.0052048,              0.0052048
                     99,                 1.2249,                 1.1368,                0.87689,                0.56097,                0.45032,                0.50748,                0.33911,                 1.1963,                 1.3965,                0.88571,              0.0051548,              0.0051548,              0.0051548
                    100,                 1.2202,                 1.1469,                0.87592,                0.53109,                0.48895,                0.52514,                0.35975,                 1.1815,                 1.3307,                0.88286,              0.0051049,              0.0051049,              0.0051049
                    101,                 1.2216,                 1.1195,                0.88185,                0.58324,                 0.4733,                 0.5296,                0.35775,                 1.1924,                 1.3653,                0.88789,               0.005055,               0.005055,               0.005055
                    102,                 1.2343,                 1.1344,                0.89342,                0.56053,                0.46156,                0.51193,                0.34981,                 1.2154,                 1.3936,                0.89053,               0.005005,               0.005005,               0.005005
                    103,                 1.2031,                 1.1194,                0.87546,                0.57271,                0.46943,                0.52447,                0.35186,                 1.1877,                 1.3545,                0.88425,               0.004955,               0.004955,               0.004955
                    104,                  1.214,                   1.12,                0.87859,                0.53556,                0.44563,                0.48703,                0.33966,                 1.1949,                 1.4608,                0.88832,              0.0049051,              0.0049051,              0.0049051
                    105,                 1.2295,                 1.1366,                0.88267,                0.57275,                0.42139,                0.50496,                0.34014,                 1.1842,                 1.4634,                0.89011,              0.0048551,              0.0048551,              0.0048551
                    106,                 1.2131,                 1.1048,                0.87256,                0.58998,                0.46884,                0.53689,                0.35989,                 1.1835,                 1.3339,                0.88527,              0.0048052,              0.0048052,              0.0048052
                    107,                 1.2101,                 1.1007,                0.87642,                0.54429,                0.48818,                0.51858,                0.34675,                 1.2012,                   1.41,                 0.8858,              0.0047552,              0.0047552,              0.0047552
                    108,                 1.2108,                 1.0943,                0.87829,                0.56139,                0.46528,                0.51968,                0.35015,                 1.1964,                 1.3558,                0.88921,              0.0047053,              0.0047053,              0.0047053
                    109,                 1.1871,                 1.0838,                0.88129,                 0.6285,                0.43837,                0.52146,                0.35292,                 1.2011,                 1.3989,                 0.8874,              0.0046553,              0.0046553,              0.0046553
                    110,                 1.2073,                 1.0976,                0.87553,                0.61018,                0.43856,                0.50896,                0.33216,                 1.2588,                 1.3702,                 0.8979,              0.0046054,              0.0046054,              0.0046054
                    111,                 1.1923,                  1.073,                0.87637,                0.53839,                0.46427,                0.50989,                0.34339,                 1.2273,                 1.4224,                0.89461,              0.0045554,              0.0045554,              0.0045554
                    112,                 1.2099,                 1.0967,                0.87285,                0.55582,                 0.4785,                0.52772,                0.35514,                 1.1926,                  1.367,                0.88373,              0.0045055,              0.0045055,              0.0045055
                    113,                 1.2186,                 1.0874,                0.86913,                0.54629,                0.47666,                0.53896,                0.36856,                 1.1674,                 1.2779,                0.88369,              0.0044555,              0.0044555,              0.0044555
                    114,                 1.2057,                 1.0587,                0.87292,                0.56835,                0.47862,                0.53593,                0.36229,                  1.185,                 1.3071,                0.88304,              0.0044056,              0.0044056,              0.0044056
                    115,                 1.1965,                 1.0489,                0.87511,                0.52332,                0.49902,                0.52485,                 0.3523,                 1.1916,                 1.3214,                0.88777,              0.0043557,              0.0043557,              0.0043557
                    116,                 1.1869,                 1.0742,                 0.8776,                0.55795,                0.46637,                0.52745,                0.35512,                 1.1885,                 1.3245,                0.88565,              0.0043057,              0.0043057,              0.0043057
                    117,                 1.2032,                 1.0666,                0.87434,                0.56293,                0.48235,                  0.526,                0.35465,                 1.2075,                  1.377,                0.88471,              0.0042558,              0.0042558,              0.0042558
                    118,                 1.1901,                 1.0582,                 0.8736,                0.60967,                0.46452,                0.53846,                0.36182,                 1.1593,                 1.3072,                0.87993,              0.0042058,              0.0042058,              0.0042058
                    119,                 1.2069,                 1.0523,                0.87242,                0.63655,                0.46174,                0.53782,                0.35947,                  1.183,                 1.3147,                0.88408,              0.0041559,              0.0041559,              0.0041559
                    120,                 1.2015,                 1.0465,                0.87797,                0.58105,                 0.4549,                0.52352,                0.35348,                 1.1803,                 1.3619,                0.88485,              0.0041059,              0.0041059,              0.0041059
                    121,                 1.1925,                  1.055,                0.87218,                0.59597,                0.45155,                0.52385,                0.34963,                   1.18,                 1.3526,                0.88512,               0.004056,               0.004056,               0.004056
                    122,                 1.1809,                  1.027,                0.87308,                0.59605,                0.45548,                0.53973,                0.36412,                 1.1823,                  1.313,                0.88481,               0.004006,               0.004006,               0.004006
                    123,                 1.1824,                 1.0262,                   0.87,                0.54061,                 0.4812,                 0.5334,                0.36425,                 1.1786,                 1.3291,                0.89087,              0.0039561,              0.0039561,              0.0039561
                    124,                 1.1997,                 1.0373,                0.87412,                0.65468,                0.45672,                0.54709,                0.37133,                 1.1762,                 1.3234,                0.88592,              0.0039061,              0.0039061,              0.0039061
                    125,                 1.2043,                 1.0404,                0.87675,                0.62214,                0.45333,                 0.5322,                0.36464,                 1.1758,                 1.2824,                0.88542,              0.0038562,              0.0038562,              0.0038562
                    126,                 1.1671,                 1.0163,                0.87396,                0.61788,                0.46424,                0.54552,                0.37306,                 1.1696,                 1.2538,                0.88417,              0.0038062,              0.0038062,              0.0038062
                    127,                 1.1873,                 1.0075,                0.87338,                 0.5928,                0.47511,                0.52777,                0.35955,                 1.1508,                 1.2907,                 0.8855,              0.0037563,              0.0037563,              0.0037563
                    128,                 1.1895,                 1.0054,                0.87085,                0.57848,                0.47864,                0.53273,                0.36569,                 1.1602,                 1.3216,                0.88032,              0.0037063,              0.0037063,              0.0037063
                    129,                 1.1702,                0.98883,                0.87162,                0.60553,                0.48402,                0.54582,                0.36963,                 1.1698,                 1.2579,                0.87753,              0.0036564,              0.0036564,              0.0036564
                    130,                 1.1809,                0.99352,                0.86217,                0.55473,                0.49038,                0.53418,                0.36483,                 1.1718,                 1.3127,                0.88237,              0.0036064,              0.0036064,              0.0036064
                    131,                 1.1735,                 1.0053,                 0.8697,                0.61123,                 0.4633,                0.54193,                0.36568,                 1.1586,                 1.3102,                 0.8799,              0.0035565,              0.0035565,              0.0035565
                    132,                 1.1815,                0.99614,                0.86826,                0.57419,                0.48595,                 0.5536,                0.37725,                 1.1651,                 1.2818,                0.88246,              0.0035065,              0.0035065,              0.0035065
                    133,                  1.175,                0.99821,                0.87236,                0.58319,                0.48672,                0.55426,                0.37179,                 1.1773,                  1.283,                0.88637,              0.0034566,              0.0034566,              0.0034566
                    134,                 1.1655,                0.97971,                 0.8637,                0.56904,                0.49318,                0.53672,                0.36483,                 1.1549,                 1.3054,                 0.8818,              0.0034066,              0.0034066,              0.0034066
                    135,                 1.1454,                0.95841,                0.86295,                0.57236,                0.49096,                0.54303,                0.36782,                 1.1701,                 1.3391,                0.88207,              0.0033567,              0.0033567,              0.0033567
                    136,                 1.1563,                0.96921,                0.86428,                0.57743,                0.49802,                0.54673,                0.36226,                 1.1823,                 1.3162,                 0.8827,              0.0033067,              0.0033067,              0.0033067
                    137,                 1.1605,                0.96693,                0.86546,                0.57683,                0.52198,                0.55803,                0.38155,                 1.1724,                 1.2881,                0.88319,              0.0032567,              0.0032567,              0.0032567
                    138,                 1.1537,                0.95472,                0.86778,                0.57809,                 0.5134,                0.55291,                0.38168,                 1.1581,                 1.2904,                0.88252,              0.0032068,              0.0032068,              0.0032068
                    139,                 1.1655,                0.96788,                0.86852,                0.57979,                0.48524,                0.53547,                0.36981,                 1.1636,                 1.3213,                0.88335,              0.0031568,              0.0031568,              0.0031568
                    140,                 1.1276,                0.93451,                0.86434,                0.60155,                0.51163,                0.56895,                0.38724,                 1.1461,                 1.2559,                0.87653,              0.0031069,              0.0031069,              0.0031069
                    141,                 1.1336,                0.94244,                0.86839,                0.58623,                0.49086,                0.54879,                0.37494,                 1.1465,                 1.2617,                0.87719,               0.003057,               0.003057,               0.003057
                    142,                 1.1458,                0.96449,                0.86876,                0.61285,                0.48911,                0.55427,                0.37634,                 1.1548,                 1.2727,                0.87693,               0.003007,               0.003007,               0.003007
                    143,                 1.1489,                0.95841,                0.86425,                0.58121,                0.49561,                0.54698,                0.35716,                 1.1793,                 1.3517,                0.88007,              0.0029571,              0.0029571,              0.0029571
                    144,                 1.1464,                0.95175,                0.86095,                0.60664,                0.49018,                0.55742,                 0.3769,                 1.1506,                 1.2579,                0.87751,              0.0029071,              0.0029071,              0.0029071
                    145,                 1.1467,                0.93137,                0.86733,                0.66528,                 0.4713,                0.56315,                0.38463,                 1.1477,                 1.2461,                0.87884,              0.0028572,              0.0028572,              0.0028572
                    146,                 1.1499,                0.93537,                0.86348,                0.56098,                0.52942,                0.55771,                0.38087,                 1.1512,                 1.2585,                0.87879,              0.0028072,              0.0028072,              0.0028072
                    147,                 1.1258,                0.93182,                0.86918,                0.58851,                0.50878,                 0.5524,                0.37168,                 1.1616,                 1.2519,                0.87875,              0.0027573,              0.0027573,              0.0027573
                    148,                  1.148,                 0.9317,                0.86743,                0.56594,                0.49346,                0.53722,                 0.3677,                 1.1601,                 1.2968,                 0.8767,              0.0027073,              0.0027073,              0.0027073
                    149,                 1.1402,                0.92378,                0.86514,                0.57879,                0.52466,                0.56322,                0.38638,                 1.1543,                 1.2363,                0.87481,              0.0026574,              0.0026574,              0.0026574
                    150,                 1.1311,                0.92967,                0.86614,                0.56462,                0.51412,                0.55738,                 0.3848,                 1.1363,                 1.2447,                 0.8731,              0.0026074,              0.0026074,              0.0026074
                    151,                 1.1186,                0.91288,                0.86785,                0.58442,                0.50953,                0.56184,                0.38338,                 1.1429,                 1.2313,                0.87673,              0.0025575,              0.0025575,              0.0025575
                    152,                 1.1164,                0.88551,                0.86112,                0.61829,                0.52106,                0.57842,                0.39209,                 1.1544,                 1.2356,                0.87637,              0.0025075,              0.0025075,              0.0025075
                    153,                 1.1283,                0.91628,                0.86631,                0.62305,                0.48984,                0.56303,                0.37688,                 1.1621,                 1.2295,                0.87881,              0.0024576,              0.0024576,              0.0024576
                    154,                 1.1495,                0.90865,                0.86856,                0.62312,                0.49789,                0.56733,                0.38436,                 1.1453,                 1.2139,                  0.876,              0.0024076,              0.0024076,              0.0024076
                    155,                  1.147,                0.91404,                0.86629,                0.61954,                0.50755,                0.57127,                0.38766,                 1.1479,                 1.2522,                0.87758,              0.0023576,              0.0023576,              0.0023576
                    156,                  1.118,                0.89061,                0.86315,                0.63211,                0.49485,                0.57572,                0.39174,                 1.1408,                 1.2576,                0.87589,              0.0023077,              0.0023077,              0.0023077
                    157,                 1.1155,                0.88171,                0.86681,                 0.6663,                0.49123,                0.57642,                0.38921,                 1.1384,                 1.2429,                0.87179,              0.0022577,              0.0022577,              0.0022577
                    158,                 1.1159,                0.90137,                0.86069,                0.62613,                0.51117,                0.57175,                0.39087,                 1.1485,                 1.2404,                0.87422,              0.0022078,              0.0022078,              0.0022078
                    159,                 1.1131,                0.89118,                 0.8585,                0.62871,                0.51757,                0.58437,                 0.3991,                 1.1434,                 1.2143,                0.87745,              0.0021578,              0.0021578,              0.0021578
                    160,                 1.1203,                0.89059,                0.85582,                0.62502,                 0.5147,                0.58006,                0.39451,                 1.1477,                 1.2383,                0.87787,              0.0021079,              0.0021079,              0.0021079
                    161,                 1.0938,                0.86377,                0.86191,                0.64373,                 0.5389,                0.57912,                0.39357,                 1.1465,                 1.2108,                0.87622,              0.0020579,              0.0020579,              0.0020579
                    162,                 1.1213,                0.89139,                0.85957,                0.62822,                 0.5155,                  0.576,                0.39151,                 1.1479,                 1.2361,                0.87545,               0.002008,               0.002008,               0.002008
                    163,                   1.12,                0.90089,                0.86357,                0.68792,                0.48179,                0.57406,                0.39124,                 1.1387,                 1.2046,                0.87445,               0.001958,               0.001958,               0.001958
                    164,                 1.1345,                0.89098,                0.85813,                0.64695,                0.51097,                  0.588,                0.40118,                 1.1438,                 1.2253,                 0.8765,              0.0019081,              0.0019081,              0.0019081
                    165,                 1.0987,                 0.8498,                0.85778,                 0.6585,                0.50775,                0.57719,                0.39477,                 1.1326,                 1.2106,                0.87557,              0.0018582,              0.0018582,              0.0018582
                    166,                 1.0862,                0.84802,                0.85813,                0.65464,                0.51559,                0.58943,                0.40384,                 1.1344,                 1.1865,                 0.8783,              0.0018082,              0.0018082,              0.0018082
                    167,                 1.1178,                0.87112,                0.85654,                0.62643,                0.52829,                 0.5875,                0.40068,                 1.1402,                  1.197,                0.87685,              0.0017583,              0.0017583,              0.0017583
                    168,                 1.0973,                0.84289,                0.85039,                0.62961,                0.51017,                0.58854,                0.40515,                 1.1316,                 1.1881,                0.87502,              0.0017083,              0.0017083,              0.0017083
                    169,                 1.0926,                0.83742,                0.86364,                 0.6218,                0.52993,                0.58957,                0.40416,                 1.1321,                 1.2009,                0.87243,              0.0016584,              0.0016584,              0.0016584
                    170,                 1.1155,                0.86968,                0.85539,                0.61451,                0.52906,                0.59002,                0.39928,                 1.1271,                 1.2165,                0.87527,              0.0016084,              0.0016084,              0.0016084
                    171,                 1.0923,                 0.8462,                0.85316,                 0.6345,                0.53541,                0.58999,                0.39845,                 1.1399,                  1.223,                0.87677,              0.0015585,              0.0015585,              0.0015585
                    172,                 1.1023,                0.85969,                0.85433,                0.57809,                0.53296,                0.57597,                0.39199,                 1.1432,                 1.2156,                 0.8784,              0.0015085,              0.0015085,              0.0015085
                    173,                 1.0862,                0.82886,                0.85902,                0.57691,                0.54582,                0.58838,                0.39866,                 1.1402,                 1.2281,                0.87578,              0.0014586,              0.0014586,              0.0014586
                    174,                  1.095,                0.83341,                0.85237,                0.64877,                0.51383,                0.59572,                0.40496,                 1.1361,                 1.2002,                0.87488,              0.0014086,              0.0014086,              0.0014086
                    175,                 1.0922,                0.82454,                0.85238,                0.60595,                0.53712,                0.59337,                0.40635,                 1.1284,                 1.1842,                0.87486,              0.0013587,              0.0013587,              0.0013587
                    176,                 1.0712,                0.82018,                0.85451,                0.60403,                0.53432,                0.58812,                0.39936,                 1.1318,                 1.1993,                0.87287,              0.0013087,              0.0013087,              0.0013087
                    177,                 1.0693,                0.81016,                0.85619,                0.60977,                0.53107,                0.58944,                0.40285,                  1.128,                 1.1903,                0.87294,              0.0012587,              0.0012587,              0.0012587
                    178,                  1.086,                0.82746,                0.85361,                0.69415,                0.48931,                0.58852,                0.40481,                 1.1283,                 1.2048,                0.87477,              0.0012088,              0.0012088,              0.0012088
                    179,                 1.0689,                0.80573,                0.85336,                0.63531,                0.52277,                0.58682,                0.40066,                 1.1324,                 1.2283,                0.87486,              0.0011588,              0.0011588,              0.0011588
                    180,                 1.0763,                 0.8171,                0.85388,                0.59473,                0.54508,                 0.6011,                0.41044,                 1.1273,                  1.188,                0.87289,              0.0011089,              0.0011089,              0.0011089
                    181,                 1.0555,                0.79241,                0.85282,                0.64192,                0.51553,                0.59789,                0.40632,                 1.1307,                  1.178,                0.87326,              0.0010589,              0.0010589,              0.0010589
                    182,                 1.0881,                0.81888,                0.85808,                0.63284,                0.51858,                0.59655,                0.41321,                 1.1254,                 1.1721,                0.87563,               0.001009,               0.001009,               0.001009
                    183,                 1.0472,                0.77926,                0.85226,                0.58164,                0.54078,                0.58924,                0.40276,                 1.1335,                 1.1996,                0.87515,             0.00095905,             0.00095905,             0.00095905
                    184,                 1.0457,                0.77105,                0.85513,                0.62695,                0.54402,                0.59685,                0.40998,                 1.1221,                 1.1801,                0.87245,              0.0009091,              0.0009091,              0.0009091
                    185,                 1.0631,                0.77879,                0.85135,                0.67454,                0.51855,                0.59612,                0.40666,                 1.1225,                 1.1725,                0.87202,             0.00085915,             0.00085915,             0.00085915
                    186,                 1.0558,                0.78853,                0.85409,                0.70049,                 0.4961,                 0.5948,                0.40853,                  1.117,                 1.1758,                0.87251,              0.0008092,              0.0008092,              0.0008092
                    187,                 1.0558,                0.76959,                0.84991,                0.59849,                0.54427,                0.59948,                0.41243,                 1.1267,                 1.1755,                0.87443,             0.00075925,             0.00075925,             0.00075925
                    188,                 1.0424,                0.76887,                0.85072,                0.59946,                  0.547,                0.60197,                0.41176,                 1.1226,                 1.1824,                0.87282,              0.0007093,              0.0007093,              0.0007093
                    189,                 1.0408,                0.77789,                0.84402,                0.63262,                0.54759,                0.60848,                0.41862,                 1.1174,                 1.1711,                0.87181,             0.00065935,             0.00065935,             0.00065935
                    190,                 1.0434,                0.77024,                0.85709,                0.63701,                0.54721,                0.60206,                0.41495,                 1.1203,                 1.1737,                0.87344,              0.0006094,              0.0006094,              0.0006094
                    191,                 1.0321,                0.76979,                0.85748,                0.65767,                0.51751,                0.58944,                0.40465,                 1.1317,                 1.1938,                0.87417,             0.00055945,             0.00055945,             0.00055945
                    192,                 1.0345,                0.75149,                0.85196,                0.63021,                0.53839,                0.59869,                0.41334,                 1.1284,                 1.1966,                0.87515,              0.0005095,              0.0005095,              0.0005095
                    193,                 1.0183,                0.72908,                0.85003,                0.68736,                0.51058,                0.59785,                0.41106,                 1.1267,                 1.1905,                0.87125,             0.00045955,             0.00045955,             0.00045955
                    194,                 1.0132,                0.70611,                0.85241,                0.58749,                0.54203,                0.59266,                0.40854,                 1.1282,                 1.2034,                0.87201,              0.0004096,              0.0004096,              0.0004096
                    195,                  1.019,                0.72459,                0.84987,                0.64887,                0.52262,                0.59263,                0.40802,                 1.1275,                 1.2065,                0.87149,             0.00035965,             0.00035965,             0.00035965
                    196,                 1.0178,                0.73099,                0.84989,                0.62045,                 0.5434,                0.60179,                0.41521,                 1.1234,                 1.1976,                0.87137,              0.0003097,              0.0003097,              0.0003097
                    197,                 1.0196,                0.71724,                0.85017,                0.57644,                0.55294,                0.59828,                0.41579,                 1.1252,                 1.1967,                0.87144,             0.00025975,             0.00025975,             0.00025975
                    198,                 1.0012,                0.70609,                0.84858,                0.62265,                 0.5436,                0.60277,                0.41951,                 1.1221,                 1.1826,                0.87018,              0.0002098,              0.0002098,              0.0002098
                    199,                 1.0125,                0.70753,                0.84798,                0.64424,                0.53112,                0.60573,                0.42035,                   1.12,                 1.1886,                 0.8692,             0.00015985,             0.00015985,             0.00015985
                    200,                 1.0053,                0.69776,                0.84623,                0.62715,                0.53666,                0.60323,                0.41835,                 1.1203,                 1.1915,                0.86852,              0.0001099,              0.0001099,              0.0001099
